,unique_id,ds,cutoff,y,SeasonalNaive,SeasonalNaive-lo-80,SeasonalNaive-lo-95,SeasonalNaive-hi-80,SeasonalNaive-hi-95,ARIMA,ARIMA-lo-95,ARIMA-lo-80,ARIMA-hi-80,ARIMA-hi-95,CES,CES-lo-95,CES-lo-80,CES-hi-80,CES-hi-95,MSTL,MSTL-lo-95,MSTL-lo-80,MSTL-hi-80,MSTL-hi-95,AutoARIMA,AutoARIMA-lo-95,AutoARIMA-lo-80,AutoARIMA-hi-80,AutoARIMA-hi-95,AutoETS,AutoETS-lo-95,AutoETS-lo-80,AutoETS-hi-80,AutoETS-hi-95,AutoTheta,AutoTheta-lo-80,AutoTheta-hi-80,AutoTheta-lo-95,AutoTheta-hi-95
0,Delhi_Temperature,2016-12-26,2016-12-25,17.142857142857142,15.375,11.224918133899848,9.027997499954289,19.52508186610015,21.72200250004571,15.68739479855402,11.94356013807891,13.239432893071383,18.13535670403666,19.43122945902913,15.317920684814453,11.192139887809754,12.621561241149902,18.04063491821289,19.485027694702147,15.824257224319005,13.345104114366187,14.20322613683686,17.44528831180115,18.303410334271824,14.881581083762793,11.737969078499363,12.826083677387967,16.93707849013762,18.025193089026224,14.656894397345916,11.441784310615727,12.554646908336963,16.75914188635487,17.872004484076104,15.563213388299255,14.654056547273074,16.66694272469212,14.353276802848079,17.004226442820823
1,Delhi_Temperature,2016-12-27,2016-12-25,16.85,17.125,12.974918133899848,10.777997499954289,21.27508186610015,23.47200250004571,16.5510550796796,11.977284015860004,13.560426928593383,19.541683230765816,21.124826143499195,15.097365379333496,10.932048249244692,12.425434017181397,17.779005813598634,19.257790946960448,16.021827505622447,12.870290044042074,13.961147921906226,18.082507089338662,19.173364967202815,15.244441873185476,11.260719463663248,12.639625799579719,17.849257946791234,19.228164282707706,14.656894397345916,10.573517933587382,11.986918040068225,17.326870754623606,18.74027086110445,15.260347917269714,14.045316603844153,16.47581977058597,13.316501511189388,17.0429260330986
2,Delhi_Temperature,2016-12-28,2016-12-25,17.217391304347824,16.375,12.224918133899848,10.027997499954289,20.52508186610015,22.72200250004571,15.84573849906489,10.830570208211501,12.566496214354709,19.124980783775072,20.86090678991828,15.329296112060547,11.205804467201233,12.674536895751952,17.99886703491211,19.55540528297424,15.40478549129321,11.70097979972404,12.982997121739386,17.826573860847034,19.108591182862376,15.644960403964213,11.155540450780396,12.709486479559398,18.580434328369027,20.13438035714803,14.656894397345916,9.859916826024564,11.520319355712246,17.793469438979585,19.453871968667265,15.720756871529709,14.023251391718272,17.165332996739238,13.32569596946165,17.88903925289575
3,Delhi_Temperature,2016-12-29,2016-12-25,15.238095238095235,15.5,11.349918133899848,9.152997499954289,19.65008186610015,21.84700250004571,15.349748871482142,10.117781831669141,11.928749504331233,18.77074823863305,20.58171591129514,15.740216255187988,11.59396951198578,13.059552669525146,18.41273765563965,19.928647041320797,15.3879822480123,11.204184352552257,12.652343845908053,18.123620650116546,19.571780143472342,15.799747031724177,11.008876399537282,12.667165102959,18.932328960489354,20.590617663911072,14.656894397345916,9.239512714766864,11.114658911783632,18.1991298829082,20.074276079924967,16.349073370672993,14.595811990954761,17.65732199588781,13.93297482169323,18.91614831603086
4,Delhi_Temperature,2016-12-30,2016-12-25,14.095238095238097,15.0,10.849918133899848,8.652997499954289,19.15008186610015,21.34700250004571,13.572865813983693,8.195625518726352,10.056877370801296,17.08885425716609,18.950106109241034,16.452723503112793,12.308452582359314,13.717118263244629,19.120354843139648,20.505325317382812,16.272165755862478,11.658040371869145,13.255151333088072,19.289180178636883,20.886291139855814,15.8574491175225,10.83493130805258,12.573401240891595,19.141496994153403,20.879966926992417,14.656894397345916,8.683197487581747,10.750903936713161,18.56288485797867,20.630591307110084,17.370616631708717,15.44072070076179,19.206179591812738,14.296350952323857,20.297314113916357
5,Delhi_Temperature,2016-12-31,2016-12-25,15.052631578947368,14.714285714285714,10.564203848185564,8.36728321424,18.864367580385863,21.061288214331427,15.308015884676575,9.847887867142934,11.737830073029496,18.878201696323654,20.768143902210216,16.90458583831787,12.76899812221527,14.286265087127685,19.611887359619143,20.903219175338744,16.480524604842373,11.472916264689625,13.206225506196967,19.754823703487773,21.488132944995115,15.862077562292662,10.635662697834471,12.444708567472194,19.27944655711313,21.088492426750854,14.656894397345916,8.174450009253647,10.418251840827203,18.895536953864628,21.139338785438184,17.769795444995466,15.551999872388738,20.036539540953893,14.539232804873777,20.894379445029053
6,Delhi_Temperature,2017-01-01,2016-12-25,15.91304347826087,14.0,9.849918133899848,7.652997499954288,18.15008186610015,20.34700250004571,13.041391574889573,7.516151686347792,9.428631399180595,16.65415175059855,18.566631463431357,15.916399955749512,11.838937425613404,13.264357662200927,18.59045352935791,19.958529472351074,14.515075937413549,9.142727333914046,11.002285999550569,18.02786587527653,19.88742454091305,15.854525671591995,10.433775731536702,12.310087800845146,19.398963542338844,21.275275611647288,14.656894397345916,7.702822516807731,10.109871199108536,19.203917595583295,21.6109662778841,16.52267099968417,14.206147659337232,18.643717178769922,12.947361276703464,19.306091933886055
7,Delhi_Temperature,2017-01-02,2016-12-25,18.5,14.375,10.224918133899848,8.027997499954289,18.52508186610015,20.72200250004571,14.758698314037229,8.63526380531276,10.754799700049558,18.762596928024898,20.882132822761697,16.533196449279785,12.40403573513031,13.868962192535399,19.19337902069092,20.59907941818237,15.699274811707747,9.98542166810327,11.963187057423498,19.435362565991994,21.413127955312227,15.846849641966717,10.236727776514348,12.178588124776809,19.515111159156625,21.456971507419084,14.656894397345916,7.261210102118406,9.8211163618395,19.49267243285233,22.052578692573427,17.420947447062073,14.76564727580434,20.24928669795749,13.666329784384818,20.995261260281765
8,Delhi_Temperature,2017-01-03,2016-12-25,17.11111111111111,15.75,11.599918133899848,9.402997499954289,19.90008186610015,22.09700250004571,16.222946692821758,9.774430061099334,12.006488303784772,20.439405081858744,22.67146332454418,16.962395668029785,13.028620076179505,14.354358577728272,19.584437370300293,21.139746570587157,16.591123600389288,10.555056505348468,12.644351467636497,20.537895733142083,22.627190695430105,15.842516036846574,10.047306932553187,12.053232479165091,19.631799594528058,21.63772514113996,14.656894397345916,6.844521091515108,9.548658062556413,19.765130732135418,22.469267703176723,17.716293988198913,14.838989277142593,20.376988896074057,13.813545189158003,21.561628326713727
9,Delhi_Temperature,2017-01-04,2016-12-25,18.7,15.833333333333334,11.683251467233184,9.48633083328762,19.983415199433484,22.180335833379047,14.998179901192795,8.344609306057489,10.647643932207538,19.348715870178054,21.651750496328102,16.514657020568848,12.493895268440248,13.772026252746581,19.158575820922852,20.68358926773071,15.218210525730107,8.876279100289572,11.071444457088745,19.364976594371466,21.560141951170646,15.84072511446296,9.865074080153388,11.933456920468684,19.74799330845724,21.816376148772534,14.656894397345916,6.448958777188997,9.29001376746033,20.0237750272315,22.864830017502833,17.482654277318414,14.556355303538027,19.96181106751213,13.533880268732194,21.301213590152468
10,Delhi_Temperature,2017-01-05,2016-12-25,18.38888888888889,17.375,13.224918133899848,11.027997499954289,21.52508186610015,23.72200250004571,14.425071801984497,7.638876592324965,9.987817258722398,18.862326345246597,21.21126701164403,16.228886604309082,12.206221079826355,13.536720657348633,18.8585506439209,20.285506296157834,14.597947383118088,7.964239337526545,10.260398837199938,18.935495929036236,21.23165542870963,15.840277809167333,9.68902552803485,11.818190131472036,19.86236548686263,21.991530090299815,14.656894397345916,6.071602461737456,9.043273735169098,20.270515059522733,23.242186332954375,16.857899847737,13.751690925781462,19.350229153532915,12.748295742947603,20.20276903254825
11,Delhi_Temperature,2017-01-06,2016-12-25,19.318181818181817,17.125,12.974918133899848,10.777997499954289,21.27508186610015,23.47200250004571,12.649356444723463,5.765270656502681,8.148094692555086,17.15061819689184,19.533442232944246,15.547852516174316,11.471219635009767,12.849400424957276,18.24310417175293,19.691439247131346,14.337682716902144,7.424501780220268,9.81739666971907,18.857968764085218,21.250863653584023,15.840321676713334,9.518226247225034,11.70652566867882,19.974117684747846,22.162417106201634,14.656894397345916,5.7101481678719495,8.806931475908215,20.506857318783617,23.60364062681988,16.067991683867135,13.02896719685183,18.7527666219453,11.999759636621622,19.696659381488065
12,Delhi_Temperature,2017-01-07,2016-12-25,14.708333333333334,15.5,11.349918133899848,9.152997499954289,19.65008186610015,21.84700250004571,14.433004985229726,7.475826150283545,9.883950258700475,18.98205971175898,21.390183820175906,15.0972261428833,10.941829895973205,12.47421770095825,17.709083938598635,19.152596712112423,14.867944770033073,7.6861581613640695,10.172026914222638,19.563862625843505,22.049731378702077,15.840459979617595,9.352022556023398,11.597898787812499,20.083021171422693,22.32889740321179,14.656894397345916,5.3627403976755,8.579773744802202,20.734015049889628,23.95104839701633,15.459007800663272,12.460987913106518,18.1779412540965,11.067505061426496,19.137319915837093
13,Delhi_Temperature,2017-01-08,2016-12-25,15.68421052631579,15.857142857142858,11.707060991042706,9.510140357097146,20.00722472324301,22.20414535718857,11.646969847444282,4.628686561637168,7.0579610680445395,16.235978626844023,18.665253133251397,16.000158309936523,11.986533021926881,13.294809532165527,18.68308334350586,20.161733579635612,15.749987698528274,8.309285640146074,10.884774129867536,20.615201267189015,23.19068975691048,15.840561452335344,9.189970267085595,11.491973614761354,20.18914928990933,22.491152637585092,14.656894397345916,5.027858669684889,8.360806352460369,20.952982442231463,24.285930125006942,16.26981660839522,13.040884124994994,18.93302512259427,11.755233856414259,20.178983105181203
14,Delhi_Temperature,2017-01-09,2016-12-25,14.571428571428571,15.625,11.474918133899848,9.277997499954289,19.77508186610015,21.97200250004571,13.3712603690599,5.457053706073719,8.19643878101241,18.54608195710739,21.285467032046082,15.426977157592773,11.382330298423767,12.764203739166259,18.069008445739748,19.532176971435547,15.793578140494288,8.102672124245691,10.764764997331989,20.822391283656586,23.484484156742887,15.840611955132923,9.031749557462366,11.38853613428044,20.292687775985407,22.64947435280348,14.656894397345916,4.704238494545123,8.14920249373461,21.16458630095722,24.609550300146708,16.190162209209603,13.009027993123844,18.98266231799893,11.584711629375722,20.87263765948094
15,Delhi_Temperature,2017-01-10,2016-12-25,12.11111111111111,15.75,11.599918133899848,9.402997499954289,19.90008186610015,22.09700250004571,14.535552979503944,6.146179055829604,9.050036219691167,20.021069739316722,22.92492690317828,15.773833274841309,11.790074467658997,13.1080491065979,18.46291198730469,19.896243476867674,17.16924939451613,9.236026620641404,11.981993839889657,22.3565049491426,25.102472168390857,15.840629595168203,8.877103350540843,11.28742452053142,20.393834669804985,22.804155839795563,14.656894397345916,4.390814814830572,7.944265765006305,21.369523029685524,24.92297397986126,16.078884351065597,12.748042552788784,18.96380228488343,11.148545813746049,20.32503776732278
16,Delhi_Temperature,2017-01-11,2016-12-25,11.0,18.0,13.849918133899848,11.652997499954289,22.15008186610015,24.34700250004571,13.57386550853499,4.870511184254573,7.8830479997691825,19.264683017300797,22.277219832815405,16.22959327697754,12.103295469284058,13.615858268737792,18.85848503112793,20.324473333358764,16.795929122004843,8.627574831875142,11.454929332717773,22.136928911291918,24.96428341213455,15.840632334889381,8.725807486689126,11.188498420843818,20.492766248934945,22.955457183089635,14.656894397345916,4.0866805646213695,7.745403067749752,21.56838572694208,25.227108230070463,17.14059542837342,13.56717914958641,20.34104482423665,11.604859711061021,21.748523027962
17,Delhi_Temperature,2017-01-12,2016-12-25,11.789473684210526,18.266666666666666,14.116584800566514,11.919664166620954,22.416748532766817,24.613669166712377,13.02851639619292,4.125331765943864,7.207036873493493,18.849995918892347,21.931701026441978,17.214505195617676,13.1081063747406,14.624560070037841,19.911243057250978,21.18892607688903,17.496771774686586,9.099867580983052,12.006331235956946,22.987212313416226,25.893675968390117,15.840630524460162,8.577658858676717,11.091628613093341,20.58963243582698,23.103602190243606,14.656894397345916,3.791055683997355,7.552104348198767,21.761684446493064,25.522733110694475,18.409688568052346,14.081931464206386,22.2013361543812,12.335948344651154,23.534749037038726
18,Delhi_Temperature,2017-01-13,2016-12-25,13.235294117647058,15.5625,11.412418133899848,9.215497499954289,19.71258186610015,21.90950250004571,11.261860574676831,2.2036907004265114,5.339041647961395,17.184679501392267,20.32003044892715,16.25032901763916,12.162809944152832,13.660088729858398,18.888288497924805,20.3813455581665,16.56519075849439,7.945794708457488,10.929270614499519,22.20111090248926,25.18458680853129,15.840628437748242,8.432471662907917,10.996695086174741,20.68456178932174,23.248785212588565,14.656894397345916,3.5032635347304932,7.363927176396835,21.949861618294996,25.810525259961338,17.599442345468695,13.459210792115833,21.026436588098377,10.801293909558293,22.894108838052883
19,Delhi_Temperature,2017-01-14,2016-12-25,13.2,13.0,8.849918133899848,6.652997499954288,17.15008186610015,19.34700250004571,13.01551120694591,3.8432825047718975,7.018113221307566,19.012909192584253,22.18773990911992,15.046418190002441,10.939664244651794,12.415164947509766,17.797320938110353,19.13873424530029,16.20369884830892,7.367411364498345,10.425961018530863,21.98143667808698,25.039986332119497,15.840627164799823,8.290076047116443,10.903587156963946,20.777667172635702,23.391178282483203,14.656894397345916,3.222712664730757,7.180484822609178,22.133303972082654,26.091076129961074,15.507983109824822,12.004000855915955,18.671475329369965,9.652897586079389,20.63373371030767
20,Delhi_Temperature,2017-01-15,2016-12-25,16.434782608695652,13.6,9.44991813389985,7.252997499954287,17.75008186610015,19.947002500045713,10.484926529384236,1.2132345434312821,4.422492998171301,16.54736006059717,19.756618515337188,15.294595718383789,11.180378842353822,12.65950174331665,17.95842800140381,19.468595838546747,15.549100730930439,6.501119479529484,9.632943786611792,21.465257675249084,24.59708198233139,15.840626612343566,8.1503170372735,10.812203461105675,20.869049763581458,23.530936187413634,14.656894397345916,2.948882509350023,7.001436907907902,22.31235188678393,26.36490628534181,16.134973416057615,12.118279394768877,19.813638588616378,10.672859713632704,21.906274066013438
21,Delhi_Temperature,2017-01-16,2016-12-25,14.65,14.0,9.849918133899848,7.652997499954288,18.15008186610015,20.34700250004571,12.200966868197426,2.24286808797196,5.6897160583308635,18.71221767806399,22.159065648422892,15.725781440734863,11.552823615074159,13.052356815338134,18.362113189697265,19.728098773956297,17.10135499303903,7.846520961309512,11.049944285611293,23.15276570046677,26.35618902476855,15.840626456308184,8.01305325372834,10.722451443242706,20.95880146937366,23.668199658888028,14.656894397345916,2.681312038043462,6.826481980622899,22.487306814068933,26.63247675664837,16.385784533939216,12.387960132571578,20.00547765563348,10.849003737511799,21.92035669604374
22,Delhi_Temperature,2017-01-17,2016-12-25,11.72222222222222,13.266666666666667,9.116584800566518,6.919664166620955,17.416748532766817,19.61366916671238,13.513531319311848,3.146077614238857,6.734617711077667,20.29244492754603,23.88098502438484,15.239873886108398,11.180080962181092,12.657788562774659,17.98000183105469,19.357211112976074,16.7179619693997,7.260798484294103,10.534255143382445,22.901668795416953,26.17512545450529,15.840626456231236,7.878155506119943,10.634246547105924,21.04700636535655,23.80309740634253,14.656894397345916,2.4195906371453457,6.6553515549093785,22.65843723978245,26.894198157546484,16.097955712190057,12.383211459575307,19.779515436133078,9.971905610913481,21.851028875202747
23,Delhi_Temperature,2017-01-18,2016-12-25,13.041666666666666,12.357142857142858,8.207060991042706,6.0101403570971454,16.50722472324301,18.70414535718857,12.422274477637664,1.7681248129202274,5.4559004574695,19.38864849780583,23.0764241423551,15.680570602416992,11.661397194862365,13.025825023651121,18.34044704437256,19.81706256866455,16.19875457136036,6.543500591626303,9.885523332898265,22.511985809822463,25.854008551094424,15.840626491745683,7.745505427575161,10.547511335093787,21.133741648397578,23.935747555916205,14.656894397345916,2.1633507129302743,6.487805274149574,22.82598352054226,27.150438081761557,16.899774108715217,12.684843757526151,20.889341860116343,10.235478433573816,23.268974653566037
24,Delhi_Temperature,2017-01-19,2016-12-25,14.61904761904762,12.066666666666666,7.916584800566516,5.719664166620954,16.216748532766818,18.413669166712378,11.866797141679086,1.0111577183423588,4.7686760498113605,18.96491823354681,22.722436565015812,15.503711700439453,11.461762285232544,12.786802291870117,18.127417373657227,19.528115749359124,15.299779201873289,5.450417920941103,8.85962802115905,21.739930382587524,25.14914048280547,15.840626520451643,7.614994243347054,10.462174668546119,21.219078372357167,24.06625879755623,14.656894397345916,1.912261634124178,6.323626950173576,22.990161844518255,27.401527160567653,16.67630192989289,12.53042290467505,20.52390605421869,10.15149166303051,23.17518994547649
25,Delhi_Temperature,2017-01-20,2016-12-25,15.263157894736842,12.1875,8.037418133899848,5.840497499954288,16.33758186610015,18.53450250004571,10.093283450751162,-0.9250168532028429,2.888804125848428,17.297762775653897,21.111583754705165,15.263448715209961,11.157688188552857,12.602475643157959,17.91413974761963,19.209443759918212,15.293831998882297,5.254115575024411,8.729214280338716,21.858449717425874,25.333548422740183,15.840626535542407,7.486521700870677,10.378170993478095,21.303082077606717,24.194731370214136,14.656894397345916,1.66602472882996,6.162621291924852,23.15116750276698,27.64776406586187,16.221003075384868,11.628937102510294,20.023002938971466,9.673508401586245,22.706295963419223
26,Delhi_Temperature,2017-01-21,2016-12-25,15.391304347826088,11.733333333333333,7.583251467233182,5.38633083328762,15.883415199433482,18.080335833379046,11.86352255051112,0.7152172546747089,4.574037530509041,19.1530075705132,23.011827846347533,15.201415061950684,11.272642898559573,12.597953414916992,17.865223503112794,19.23724913597107,15.578514688330976,5.351985751265499,8.89174683302318,22.265282543638772,25.805043625396454,15.840626541187406,7.359995151154356,10.295439731413438,21.385813350961374,24.321257931220458,14.656894397345916,1.4243691198582216,6.0046111823293735,23.309177612362458,27.88941967483361,16.491614480505515,11.921966537497646,20.60466643245482,9.74587943944499,23.414228351300437
27,Delhi_Temperature,2017-01-22,2016-12-25,18.44,14.4375,10.287418133899848,8.090497499954289,18.58758186610015,20.78450250004571,9.20875699653918,-2.0553911853598894,1.8435263846987668,16.573987608379593,20.472905178438246,17.022555351257324,12.842494940757751,14.330120849609376,19.689754867553713,20.908949613571167,17.02368543058061,6.613695885446894,10.21695913147478,23.83041172968644,27.433674975714325,15.840626542306564,7.235328758914303,10.213924759379768,21.46732832523336,24.445924325698826,14.656894397345916,1.1870482328816099,5.849435395100466,23.464353399591367,28.126740561810223,18.571412563370053,13.02045103777861,22.99014940684984,10.58329870988836,26.05693519165592
28,Delhi_Temperature,2017-01-23,2016-12-25,18.11764705882353,11.1875,7.037418133899849,4.840497499954288,15.337581866100152,17.53450250004571,10.930303206812358,-1.0599208790515195,3.0903170796818653,18.77028933394285,22.920527292676233,14.861102104187012,10.916384720802307,12.181303977966309,17.561147499084473,18.91243472099304,15.933292884156591,5.34302043445309,9.008685929888339,22.857899838424842,26.52356533386009,15.840626541923505,7.112442818822199,10.13357396191076,21.547679121936252,24.568810265024812,14.656894397345916,0.9538368491446132,5.696946667609328,23.616842127082503,28.359951945547216,15.580550406918096,11.186758796953086,19.432406562187044,8.721960980014686,21.629477734738412
29,Delhi_Temperature,2017-01-24,2016-12-25,18.347826086956523,11.666666666666666,7.516584800566515,5.319664166620954,15.816748532766816,18.01366916671238,12.170557860498246,-0.26528338347248415,4.03919833512677,20.30191738586972,24.606399104468977,14.469648361206055,10.370811438560485,11.873365020751953,17.088044357299804,18.527126693725585,15.861935467009266,5.094398200386751,8.821421279021179,22.902449654997348,26.62947273363178,15.840626541358898,6.991263159258567,10.05433884124837,21.626914241469425,24.68998992345923,14.656894397345916,0.724528602395667,5.547010064216915,23.76677873047492,28.589260192296166,15.234245893150387,11.00237530687584,19.068965612579404,8.41155994391522,21.624015924664395
30,Delhi_Temperature,2017-01-25,2017-01-24,21.0,14.5625,10.41459818390372,8.218831598719383,18.71040181609628,20.906168401280617,16.442470775385715,12.690378119017247,13.98910925661994,18.89583229415149,20.194563431754183,19.686368942260742,15.589737629890442,17.000795364379883,22.360361862182618,23.745294761657714,18.813555863385098,16.317564516583282,17.18151484461592,20.44559688215427,21.309547210186913,17.966546223771715,14.795376627156998,15.893029876938058,20.04006257060537,21.137715820386433,18.281496581231927,15.06060616646827,16.175469538874502,20.387523623589352,21.502386995995586,21.07547505489735,20.04079853619944,22.331587609303348,19.698490694319165,22.715436595017852
31,Delhi_Temperature,2017-01-26,2017-01-24,16.178571428571427,17.583333333333332,13.435431517237053,11.239664932052715,21.73123514942961,23.92700173461395,16.328996869030348,11.745369759509636,13.331924196055986,19.32606954200471,20.91262397855106,21.019795417785645,16.903451347351073,18.334815216064452,23.698914337158204,25.06885004043579,19.745782725250496,16.56000017614787,17.662711482364756,21.828853968136233,22.931565274353122,18.147661107550906,14.079714893309212,15.487774048128191,20.80754816697362,22.2156073217926,18.281496581231927,14.189373478481379,15.605801104122502,20.957192058341352,22.373619683982476,23.404252454076502,21.81138766473395,24.994487121861393,20.90153009196748,25.72021782900243
32,Delhi_Temperature,2017-01-27,2017-01-24,16.5,16.857142857142858,12.709241041046578,10.51347445586224,21.005044673239137,23.200811258423474,16.332324040277385,11.29969913854997,13.041667491238279,19.62298058931649,21.3649489420048,20.519522666931152,16.318450689315796,17.829982185363768,23.18275604248047,24.57424726486206,19.971271990108587,16.22047899435101,17.51876027373903,22.423783706478144,23.722064985866165,18.21395209198372,13.570510799105445,15.177769026712205,21.250135157255237,22.857393384861997,18.281496581231927,13.473502413992005,15.137718174711054,21.4252749877528,23.08949074847185,22.292780243568174,20.26768868561332,24.08242689709803,19.388523876887287,24.904431269702698
33,Delhi_Temperature,2017-01-28,2017-01-24,14.863636363636363,19.5625,15.41459818390372,13.218831598719383,23.71040181609628,25.906168401280617,15.757819082237695,10.505703097834996,12.323645028364641,19.19199313611075,21.009935066640395,20.633102416992188,16.584605264663697,17.857756042480467,23.176796913146976,24.625475215911866,19.997479962726686,15.756290772902519,17.22431541028441,22.77064451516896,24.238669152550855,18.32500548554153,13.32484149259415,15.055573983898292,21.59443698718477,23.325169478488913,18.281496581231927,12.851197847611328,14.730815089970005,21.83217807249385,23.711795314852527,22.587078306282212,20.528467112637077,24.148638840659732,19.703865294041538,25.648700407685507
34,Delhi_Temperature,2017-01-29,2017-01-24,15.666666666666666,20.142857142857142,15.994955326760863,13.799188741576526,24.290758958953422,26.48652554413776,18.385909272882504,12.98498721731288,14.854436158939599,21.91738238682541,23.786831328452127,20.990111351013184,16.841225481033327,18.312956047058105,23.65768985748291,24.997892808914184,20.63222561192766,15.951742368635506,17.57182211713898,23.69262910671634,25.312708855219817,18.354652702292814,12.958583236147653,14.826352526027804,21.882952878557823,23.750722168437974,18.281496581231927,12.293217967096655,14.36597165659244,22.197021505871415,24.2697751953672,23.300396689829356,21.072319511920238,25.470930298214622,19.738828413534055,26.671141952632368
35,Delhi_Temperature,2017-01-30,2017-01-24,16.444444444444443,17.375,13.22709818390372,11.031331598719383,21.52290181609628,23.718668401280617,17.073887322485394,11.588762650933521,13.487357077296107,20.66041756767468,22.559011994037267,20.582658767700195,16.494241571426393,17.86635627746582,23.284957504272462,24.722036647796628,21.30803629031688,16.2260916784979,17.985131316215575,24.630941264418187,26.389980902135857,18.410672524794737,12.634699807226237,14.633966964319916,22.18737808526956,24.186645242363237,18.281496581231927,11.78297234994232,14.032339980380865,22.53065318208299,24.780020812521535,22.613260406483928,20.19226673756376,25.10321208305192,19.063990376858886,26.073509298351286
36,Delhi_Temperature,2017-01-31,2017-01-24,16.125,15.846153846153848,11.69825203005757,9.50248544487323,19.994055662250126,22.189822247434467,15.544579231091575,9.992833562544893,11.914487857396715,19.174670604786435,21.096324899638255,20.217824935913086,16.00066750049591,17.517323684692382,22.84415378570557,24.23533697128296,20.323693337785393,14.869759098683016,16.75755742017098,23.88982925539981,25.777627576887774,18.46410828390741,12.331479075536262,14.454197578973242,22.47401898884158,24.59673749227856,18.281496581231927,11.30997209882447,13.723061740012934,22.83993142245092,25.253021063639384,22.135960355146807,19.470117411125045,24.59699349034113,17.99594494838946,25.353942088705296
37,Delhi_Temperature,2017-02-01,2017-01-24,15.25,15.266666666666667,11.11876485057039,8.922998265386049,19.414568482762945,21.610335067947286,15.039027259748906,8.882367522078699,11.013403836271442,19.06465068322637,21.195686997419113,21.024681091308594,16.95897402763367,18.392745971679688,23.692683601379397,25.049312210083006,21.006470489142018,15.204347056181414,17.212665894952693,24.800275083331343,26.808593922102617,18.526396230023728,12.076022987427802,14.308723868388107,22.74406859165935,24.976769472619655,18.281496581231927,10.86708561117133,13.433473831210812,23.129519331253043,25.695907551292525,23.68577535901214,20.56490854205809,26.98156004885316,19.24535241574259,27.917299686196397
38,Delhi_Temperature,2017-02-02,2017-01-24,17.09090909090909,13.125,8.97709818390372,6.781331598719382,17.27290181609628,19.468668401280617,15.600080689833945,9.114508210212534,11.359392784202718,19.84076859546517,22.085653169455355,21.248671531677246,17.189140796661377,18.56574420928955,23.857351112365723,25.257974243164057,21.12360409555772,14.99303528196727,17.115040610357013,25.132167580758423,27.25417290914817,18.582444607469316,11.836259014310698,14.171350946278537,22.993538268660096,25.328630200627934,18.281496581231927,10.449202762873014,13.160234923416994,23.40275823904686,26.11379039959084,23.966244977881768,20.613681942520763,27.072069838444968,19.37805024288474,28.481073657957328
39,Delhi_Temperature,2017-02-03,2017-01-24,15.636363636363637,16.363636363636363,12.215734547540084,10.019967962355746,20.511538179732643,22.70730476491698,15.847655274590466,9.153266363419139,11.470429643330046,20.224880905850885,22.542044185761792,21.65642023086548,17.56894278526306,19.0393009185791,24.273633384704592,25.68511471748351,21.65077665777977,15.208485790004154,17.438389076979917,25.863164238579625,28.09306752555538,18.6381053119172,11.6135978428651,14.045026757845694,23.231183865988708,25.6626127809693,18.281496581231927,10.052513479945862,12.900853743160582,23.662139419303273,26.510479682517992,24.655227999827556,21.065720971528837,27.65735956728307,19.814399407785046,29.327251555831687
40,Delhi_Temperature,2017-02-04,2017-01-24,18.7,12.666666666666666,8.518764850570388,6.322998265386048,16.814568482762944,19.010335067947285,15.540067567796207,8.711084727842238,11.074835696877933,20.00529943871448,22.369050407750176,19.95951271057129,15.901703143119812,17.25343017578125,22.584907150268556,24.200989246368405,20.036214903350867,13.296604434497167,15.629420484856935,24.443009321844798,26.775825372204565,18.69240930742906,11.403922426688553,13.92672389374722,23.4580947211109,25.980896188169567,18.281496581231927,9.674087022868855,12.65341398287114,23.909579179592715,26.888906139595,21.95374529601192,18.455556229788566,24.734932343571128,17.305076692320405,25.68613147847577
41,Delhi_Temperature,2017-02-05,2017-01-24,18.63157894736842,15.333333333333334,11.185431517237056,8.989664932052715,19.48123514942961,21.677001734613953,18.34235107592103,11.413766349342845,13.811993031898911,22.87270911994315,25.270935802499217,21.326980590820312,17.21180472373963,18.579134368896483,23.961677742004394,25.31473054885864,21.394580046026437,14.370223355286733,16.801600080594227,25.987560011458644,28.41893673676614,18.747139338410413,11.209257738324762,13.818383482854951,23.675895193965875,26.285020938496064,18.281496581231927,9.31161164721252,12.416404074113679,24.146589088350176,27.251381515251335,24.22900795680339,20.25340021888795,27.700320309346505,18.90654837085962,28.984490710615134
42,Delhi_Temperature,2017-02-06,2017-01-24,16.88888888888889,15.625,11.47709818390372,9.281331598719383,19.77290181609628,21.968668401280617,17.465696412491813,10.463192072864313,12.887004931439709,22.044387893543917,24.468200752119312,21.861449241638184,17.686521339416505,19.225906372070312,24.53417892456055,25.877870416641233,22.461672848753075,15.163671439764657,17.68976621944293,27.23357947806322,29.759674257741494,18.8011929408754,11.026990815654642,13.717915399540958,23.884470482209842,26.575395066096156,18.281496581231927,8.963225703343868,12.188606749621833,24.37438641284202,27.599767459119988,25.30973668490063,21.060264724865018,29.173609212430136,19.103127444640762,30.507574479846745
43,Delhi_Temperature,2017-02-07,2017-01-24,15.125,17.09090909090909,12.94300727481281,10.747240689628473,21.23881090700537,23.434577492189707,16.763835602206125,9.699532588012962,12.144736139801859,21.382935064610393,23.828138616399286,20.72129726409912,16.594939756393433,17.993588256835938,23.34173927307129,24.708933115005493,20.587829283191184,13.026079339398134,15.643466756550716,25.53219180983165,28.149579226984237,18.854712009125645,10.855936868155394,13.624594065527193,24.0848299527241,26.853487150095894,18.281496581231927,8.62740374048065,11.96902457074184,24.593968591722014,27.935589421983202,23.340827949898916,19.306604966284873,26.64616410675504,17.686975505992017,28.23071310648663
44,Delhi_Temperature,2017-02-08,2017-01-24,15.7,17.76923076923077,13.62132895313449,11.425562367950153,21.91713258532705,24.112899170511387,15.572420007525775,7.612052154684498,10.367415239790887,20.777424775260663,23.53278786036705,20.8414888381958,16.638202524185182,18.12801170349121,23.5051025390625,24.934459495544427,20.825287399609984,13.00868328661363,15.714284688708831,25.93629011051113,28.641891512606335,18.907541167854635,10.69464463863862,13.537416773889015,24.277665561820257,27.12043769707065,18.281496581231927,8.302877187648793,11.756828063498336,24.80616509896552,28.26011597481506,23.407163933706975,19.409124370995247,26.911002842263436,17.662319212854335,29.2360972691906
45,Delhi_Temperature,2017-02-09,2017-01-24,15.375,18.133333333333333,13.985431517237053,11.789664932052716,22.281235149429612,24.47700173461395,15.809105775435722,7.373283578418571,10.293218122132629,21.324993428738814,24.24492797245287,20.48751163482666,16.28703455924988,17.73163719177246,23.082028961181642,24.598168468475333,20.19663041843798,12.133223104766621,14.924251768641351,25.46900906823461,28.260037732109343,18.959869433879327,10.54246990161316,13.456027713582838,24.463711154175815,27.377268966145493,18.281496581231927,7.988577586790081,11.551318600718567,25.011674561745288,28.574415575673775,22.88816297670716,18.838735062206506,26.390736347309883,16.78283495247144,28.157035257909648
46,Delhi_Temperature,2017-02-10,2017-01-24,14.666666666666666,19.6875,15.53959818390372,13.343831598719383,23.83540181609628,26.031168401280617,15.929509387280884,7.176632908399103,10.206311082102935,21.652707692458833,24.682385866162665,21.223706245422363,17.142487668991087,18.499217414855956,23.82903461456299,25.203234910964966,21.065815217332,12.762937694868715,15.636855414310453,26.494775020353547,29.368692739795282,19.0116672495787,10.398642163940204,13.379912855293117,24.643421643864283,27.624692335217198,18.281496581231927,7.683595003547309,11.351901208306465,25.21109195415739,28.879398158916544,24.13255797051347,19.78523867723495,28.052080682320796,17.35541220003616,29.76696591903894
47,Delhi_Temperature,2017-02-11,2017-01-24,15.625,19.2,15.05209818390372,12.856331598719382,23.34790181609628,25.543668401280616,15.49447566605139,6.540563043635451,9.639826892135513,21.349124439967266,24.448388288467328,20.80708885192871,16.763763809204104,18.126244735717773,23.45080680847168,24.856510639190674,20.633542795117656,12.097910844296242,15.052393051667282,26.21469253856803,29.169174745939067,19.06294870106433,10.262525137313059,13.308661028157069,24.81723637397159,27.8633722648156,18.281496581231927,7.387146932242388,11.158064233300696,25.40492892916316,29.175846230221467,23.58988367444313,18.816685303057614,27.784106675933035,16.817422125020567,29.260991633156387
48,Delhi_Temperature,2017-02-12,2017-01-24,16.25,17.066666666666666,12.918764850570387,10.72299826538605,21.214568482762946,23.410335067947283,18.207531108996285,9.09696037722694,12.25044910320435,24.16461311478822,27.318101840765628,21.255515098571777,17.213969659805297,18.567929840087892,23.972730255126955,25.422604894638063,21.4727559840749,12.710550186061447,15.74345756500049,27.20205440314931,30.234961782088355,19.113693827115537,10.133491846587455,13.241855365883193,24.98553228834788,28.09389580764362,18.281496581231927,7.098554629375661,10.969363869181622,25.593629293282234,29.46443853308819,24.467935428926392,19.466406542083732,28.606150649923787,16.320883655155722,30.844313600785206
49,Delhi_Temperature,2017-02-13,2017-01-24,16.333333333333332,17.642857142857142,13.494955326760863,11.299188741576526,21.790758958953422,23.98652554413776,17.124268101895503,7.899089822214153,11.09224824846535,23.156287955325656,26.349446381576854,21.4522385597229,17.379588222503664,18.78428421020508,24.07872829437256,25.462153911590573,22.623082613755713,13.640015871623717,16.749370985594098,28.49679424191733,31.60614935588771,19.163917097647573,10.011029475952022,13.179165564781835,25.148668630513313,28.316804719343125,18.281496581231927,6.817224815317827,10.785412191250767,25.777580971213087,29.745768347146026,24.6706292594842,19.829238998577846,29.04217216865651,16.620136926261644,31.70309227923974
50,Delhi_Temperature,2017-02-14,2017-01-24,16.875,17.6,13.452098183903722,11.256331598719385,21.74790181609628,23.94366840128062,16.02471397960824,6.699419501050848,9.92723166236854,22.12219629684794,25.350008458165632,21.29462432861328,17.15306329727173,18.56940288543701,23.950069618225097,25.35768871307373,22.150624872378756,12.951998575998674,16.13596642764614,28.165283317111374,31.34925116875884,19.21362399958751,9.894676961881867,13.120292050836685,25.306955948338338,28.532571037293156,18.281496581231927,6.542635326966948,10.605867775407463,25.957125387056394,30.020357835496906,24.08068288299941,18.89745570463995,28.810988911257887,16.958169853077347,31.548052942963363
51,Delhi_Temperature,2017-02-15,2017-01-24,17.571428571428573,18.214285714285715,14.066383898189436,11.870617313005098,22.362187530381995,24.557954115566332,15.160731336137616,5.146343175662366,8.61267487884505,21.708787793430183,25.175119496612865,21.875868320465088,17.822097396850587,19.204033851623535,24.542129516601562,25.869764900207517,21.93582607533601,12.52657725370777,15.783448963781012,28.088203186891008,31.34507489696425,19.262822578343062,9.784027848710688,13.064971841771005,25.46067331491512,28.74161730797544,18.281496581231927,6.274323726182663,10.430428249604354,26.1325649128595,30.28866943628119,25.817513140568053,20.340184949272214,30.787243010890577,18.230433248924193,33.44286015985641
52,Delhi_Temperature,2017-02-16,2017-01-24,20.25,18.714285714285715,14.566383898189436,12.370617313005098,22.862187530381995,25.057954115566332,15.54951890065875,5.124295816377412,8.732831925694889,22.36620587562261,25.97474198494009,22.653707027435303,18.67012882232666,19.961380386352538,25.304938125610352,26.60168328285217,22.11183755840895,12.496578797763465,15.824757788056246,28.398917328761655,31.72709631905444,19.311516146088763,9.678709966640922,13.012962735294291,25.610069556883236,28.944322325536604,18.281496581231927,6.011878152153528,10.258824312531898,26.304168849931955,30.551115010310326,27.136095153115498,21.70325515849024,32.586639177563065,18.237024883533394,35.56541746234855
53,Delhi_Temperature,2017-02-17,2017-01-24,21.3,19.466666666666665,15.318764850570386,13.122998265386048,23.614568482762945,25.810335067947282,15.731319312742201,5.016605570231821,8.725344570661013,22.737294054823387,26.44603305525258,23.161683082580566,19.065448379516603,20.545593643188475,25.835638999938965,27.288961124420165,22.751633933398324,12.934687428449493,16.332677635465565,29.170590231331083,32.568580438347155,19.359709880589968,9.57838851098315,12.964047606593574,25.75537215458636,29.141031250196786,18.281496581231927,5.754929900000848,10.090814881028242,26.47217828143561,30.80806326246301,27.61007993965016,21.679641570366513,33.285964753395575,18.13285718285652,36.64424084677176
54,Delhi_Temperature,2017-02-18,2017-01-24,21.125,23.15384615384616,19.00594433774988,16.810177752565544,27.30174796994244,29.497514555126777,15.355486664014165,4.438090583324323,8.216985064372846,22.493988263655485,26.272882744704006,24.571227550506592,20.370101165771487,21.828390884399415,27.159567451477052,28.538925075530997,24.022029132074508,14.00745593458455,17.473851685581245,30.57020657856777,34.03660232956447,19.407408726928228,9.482759487086401,12.918029395917161,25.896788057939297,29.332057966770055,18.281496581231927,5.503147343420457,9.926183116308268,26.63681004615559,31.059845819043396,30.04751465624974,23.55643756426689,36.06432233418458,19.83382835088879,40.269835237465195
55,Delhi_Temperature,2017-02-19,2017-01-24,22.363636363636363,23.625,19.47709818390372,17.281331598719383,27.77290181609628,29.968668401280617,18.11172449168875,7.030300219413114,10.865970622424959,25.35747836095254,29.193148763964388,25.016497135162354,20.91737847328186,22.35640773773193,27.645352172851563,29.12932338714599,25.198803689532234,14.99042899153346,18.52390625311005,31.87370112595442,35.40717838753101,19.454618092034757,9.3915469748852,12.874729560360509,26.034506623709007,29.51768920918431,18.281496581231927,5.256230915318417,9.76473314197769,26.798260020486165,31.306762247145436,30.7722671604709,23.2063150238464,37.02226473685529,20.000695731752863,41.513632336605355
56,Delhi_Temperature,2017-02-20,2017-01-24,23.375,21.0,16.85209818390372,14.656331598719383,25.14790181609628,27.343668401280617,17.125866025945058,5.91402583897959,9.79483777360024,24.456894278289877,28.337706212910525,24.369842052459717,20.215858221054077,21.64192714691162,27.057918930053713,28.414995002746583,25.7972798983931,15.39871501560284,18.998023784468,32.5965360123182,36.19584478118336,19.5013429622908,9.304498467751,12.833984720675485,26.168701203906114,29.6981874568306,18.281496581231927,5.013908929673951,9.606287312096066,26.95670585036779,31.5490842327899,29.59119832791651,22.493874974734283,36.00305863973961,19.02740787602293,40.38536972796092
57,Delhi_Temperature,2017-02-21,2017-01-24,21.83333333333333,21.0,16.85209818390372,14.656331598719383,25.14790181609628,27.343668401280617,16.216187658864925,4.888074810768726,8.809132799869428,23.623242517860422,27.54430050696112,24.311418533325195,20.286466503143313,21.710362052917482,27.006709098815918,28.3661367893219,25.22793532788179,14.64259691720941,18.30655456832664,32.149316087436944,35.81327373855417,19.547588304997063,9.221382432177547,12.79564520459707,26.299531405397055,29.873794177816578,18.281496581231927,4.77593407847322,9.450683920644916,27.112309241818938,31.787059083990634,29.474817854908448,21.883950655933827,35.58029426596446,18.511552617529535,39.79738290555493
58,Delhi_Temperature,2017-02-22,2017-01-24,19.125,21.428571428571427,17.280669612475148,15.08490302729081,25.576473244667707,27.772239829852044,15.195688141779186,3.141077868345521,7.313602149482613,23.07777413407576,27.250298415212853,23.95966625213623,19.9304958820343,21.30164680480957,26.574691963195804,27.95434422492981,24.482416475165277,13.713543418279823,17.441028860871295,31.523804089459258,35.25128953205073,19.593358996961836,9.141985819738727,12.759573395281869,26.427144598641803,30.044732174184944,18.281496581231927,4.5420804750041786,9.297775268242141,27.265217894221713,32.02091268745968,29.29349879242233,22.113300582503737,35.583383743692465,18.10010577849972,39.196082936680014
59,Delhi_Temperature,2017-02-23,2017-01-24,18.625,21.6875,17.53959818390372,15.343831598719383,25.83540181609628,28.031168401280617,15.51246861360477,3.012057978742982,7.338889432854211,23.686047794355332,28.01287924846656,24.381619930267334,20.15741848945618,21.63696918487549,26.91774196624756,28.35349850654602,24.427107891697048,13.477776196923585,17.267724716400092,31.586491066994,35.37643958647051,19.638659924404774,9.066112185924057,12.725642535860972,26.551677312948577,30.211207662885492,18.281496581231927,4.3121411428368255,9.147426020274452,27.415567142189403,32.25085201962703,30.04626760497089,22.830527004256897,36.542124447083026,18.45216450391638,40.990257957223974
60,Delhi_Temperature,2017-02-24,2017-02-23,19.125,22.5625,18.427188603665215,16.238086984102402,26.697811396334785,28.886913015897598,18.910362573961265,15.15431517083206,16.45441518528026,21.36630996264227,22.66640997709047,19.805559396743774,15.745601868629457,17.131281089782714,22.53405818939209,24.04840006828308,20.020436122591953,17.5138775870755,18.38148559051158,21.659386654672332,22.526994658108407,19.346575463228028,16.17435881608899,17.272374486855647,21.42077643960041,22.518792110367066,18.867722249083027,15.647637742005406,16.76222216143746,20.973222336728593,22.08780675616065,19.83839670706407,18.28915066145375,21.71920252225724,17.77660774501837,22.29394703940337
61,Delhi_Temperature,2017-02-25,2017-02-23,19.0,22.8,18.66468860366522,16.4755869841024,26.935311396334782,29.124413015897602,19.351147325025437,14.760111881134346,16.34923060257602,22.353064047474852,23.942182768916528,19.19841957092285,15.037899613380432,16.53535270690918,21.925954627990723,23.384216690063475,19.70332102265693,16.50631515786797,17.61291124809312,21.79373079722074,22.90032688744589,19.749013006232524,15.677561069533784,17.08683367810557,22.411192334359477,23.820464942931263,18.867722249083027,14.771220413936213,16.189163672752493,21.54628082541356,22.96422408422984,19.116415479406644,17.05588522986561,21.17459249757257,15.863640673396317,22.123546958066196
62,Delhi_Temperature,2017-02-26,2017-02-23,18.75,22.8,18.66468860366522,16.4755869841024,26.935311396334782,29.124413015897602,20.33048467245669,15.286794565930466,17.03259297489198,23.628376370021403,25.37417477898292,19.123482704162598,15.163542890548706,16.47532501220703,21.7995475769043,23.144150257110592,20.969134503236184,17.20630879547086,18.508755019380636,23.42951398709173,24.731960211001507,19.730567721260343,15.07895880308244,16.689044132860808,22.772091309659878,24.382176639438246,18.867722249083027,14.0517373718226,15.718718998117378,22.016725500048675,23.683707126343453,18.8374979928825,16.116012603763682,21.213469094325077,14.95102607274506,22.338426789238454
63,Delhi_Temperature,2017-02-27,2017-02-23,19.875,23.0,18.864688603665215,16.675586984102402,27.135311396334785,29.324413015897598,20.937013251632813,15.67142456420946,17.494029870759658,24.379996632505968,26.202601939056166,18.689064025878906,14.59207971096039,15.99893751144409,21.33460521697998,22.83050427436828,20.516519415811455,16.26247802972408,17.73495126392974,23.29808756769317,24.77056080189883,19.644675272562086,14.63043258136604,16.366038204937162,22.92331234018701,24.65891796375813,18.867722249083027,13.426574080668479,15.309946693718327,22.425497804447726,24.308870417497573,18.57837112744797,15.892443321171209,20.6159581548845,14.832262904725917,22.55674399141065
64,Delhi_Temperature,2017-02-28,2017-02-23,23.33333333333333,23.875,19.739688603665215,17.550586984102402,28.010311396334785,30.199413015897598,20.405431072630826,14.988921906226164,16.863766094729943,23.94709605053171,25.821940239035488,17.772039890289307,13.685798716545106,15.13749942779541,20.459601211547852,21.894712257385255,18.616054465486034,13.921922072586487,15.546726271475489,21.68538265949658,23.31018685838558,19.669387526228856,14.256310270649179,16.129966554200156,23.208808498257557,25.082464781808532,18.867722249083027,12.866182742982872,14.943526493248594,22.79191800491746,24.86926175518318,17.774621236531935,15.087145524465123,20.376566209205976,13.482600136105262,21.84263397347151
65,Delhi_Temperature,2017-03-01,2017-02-23,24.46153846153846,24.916666666666668,20.781355270331886,18.592253650769067,29.05197806300145,31.24107968256427,19.34475815455308,13.842646893019108,15.747120975176971,22.942395333929188,24.846869416087053,18.2319393157959,14.156486129760742,15.635658645629881,20.940022468566895,22.273626470565794,19.333806484160554,14.237446044631827,16.001475506971552,22.666137461349557,24.43016692368928,19.744236064372046,13.949756463300474,15.95542950320854,23.53304262553555,25.53871566544362,18.867722249083027,12.353824836940218,14.608513665570435,23.12693083259562,25.381619661225834,18.119641368559122,15.049524830516825,21.25917245213693,13.62622109816838,22.491144733390055
66,Delhi_Temperature,2017-03-02,2017-02-23,23.75,24.933333333333334,20.798021936998552,18.608920317435732,29.068644729668115,31.257746349230935,20.369369082588968,14.799403458813835,16.727364320519957,24.011373844657978,25.9393347063641,18.382357597351074,14.247825670242312,15.732998466491699,21.057369995117188,22.414564275741576,19.415381886761725,13.94629599082646,15.839338833257088,22.991424940266363,24.88446778269699,19.805835109208118,13.653723461346049,15.783185521811232,23.828484696605003,25.95794675707019,18.867722249083027,11.878928179391126,14.297995431687298,23.437449066478756,25.85651631877493,18.28649097774985,14.801786438993426,21.492550202043237,12.884271050292142,22.482189881633417
67,Delhi_Temperature,2017-03-03,2017-02-23,20.5,26.0,21.864688603665215,19.675586984102402,30.135311396334785,32.3244130158976,21.031387778608067,14.856837438919715,16.994066319245384,25.06870923797075,27.20593811829642,18.890441417694092,14.754050898551942,16.279226303100586,21.554576301574706,22.97032537460327,19.56985265988161,13.751870935551203,15.765678886313406,23.374026433449817,25.38783438421202,19.846533155922952,13.37523569913887,15.615179186022006,24.0778871258239,26.317830612707034,18.867722249083027,11.434309466168266,14.007274881465097,23.728169616700956,26.301135031997788,19.04528500251028,15.081427893308852,23.240075141142785,13.414395029335141,24.40922678676448
68,Delhi_Temperature,2017-03-04,2017-02-23,19.125,27.3125,23.177188603665215,20.988086984102402,31.447811396334785,33.6369130158976,21.17963272880376,14.674896438315344,16.926414280768626,25.432851176838895,27.684369019292177,20.131278038024902,16.075088357925416,17.534304809570312,22.815990447998047,24.145624303817748,21.119216120872082,14.97210930935764,17.099839020065353,25.138593221678818,27.26632293238653,19.88449914082723,13.116142814619966,15.4589088164978,24.31008946515666,26.652855467034495,18.867722249083027,11.014824143680126,13.732988172118336,24.002456326047717,26.720620354485927,20.11313929560919,15.664489062028224,24.215439513241638,14.038860618235043,26.09144965641813
69,Delhi_Temperature,2017-03-05,2017-02-23,19.75,23.933333333333334,19.798021936998552,17.608920317435732,28.068644729668115,30.257746349230935,22.289217740876403,15.574104666098801,17.89844130739527,26.679994174357535,29.004330815654004,19.19856309890747,15.040884494781494,16.536138916015624,21.861723327636717,23.188706588745116,21.480149929049812,15.020665974453138,17.256520393037583,25.70377946506204,27.939633883646486,19.926813861003044,12.879190401133078,15.31862057295917,24.53500714904692,26.974437320873008,18.867722249083027,10.616637974487334,13.472628230541662,24.26281626762439,27.11880652367872,19.339160203213012,14.896978984876203,23.045094628574223,13.34933546816394,25.118017827759015
70,Delhi_Temperature,2017-03-06,2017-02-23,20.0,22.8125,18.677188603665215,16.488086984102402,26.947811396334785,29.136913015897598,23.089347935603328,16.238192367453173,18.60961809698955,27.569077774217106,29.940503503753483,18.590425968170166,14.544999980926514,16.004990768432616,21.294223403930665,22.72689480781555,21.38304605279183,14.62560986979931,16.964596026316453,25.801496079267206,28.140482235784347,19.971121906039116,12.658889583799652,15.189910182706909,24.75233362937132,27.28335422827858,18.867722249083027,10.23680255538177,13.224267199500442,24.51117729866561,27.498641942784282,18.528775419224157,13.864232756051294,22.234681991817787,12.33823495084686,23.51564304330479
71,Delhi_Temperature,2017-03-07,2017-02-23,22.625,23.714285714285715,19.57897431795093,17.389872698388118,27.8495971106205,30.038698730183313,22.078744869083366,15.126692576818108,17.53304220863818,26.624447529528553,29.030797161348623,19.486273765563965,15.371088361740114,16.853041076660155,22.20885353088379,23.584620141983027,21.57835476505669,14.535560250466542,16.973318954615515,26.183390575497867,28.621149279646836,20.014283209836947,12.452160279005945,15.069676800081186,24.958889619592707,27.57640614066795,18.867722249083027,9.872992802803939,12.986384788571385,24.74905970959467,27.862451695362115,19.591837848409384,14.519105390310003,24.03513688511484,12.798956382551458,25.657415147167296
72,Delhi_Temperature,2017-03-08,2017-02-23,21.545454545454547,23.428571428571427,19.293260032236645,17.104158412673826,27.56388282490621,29.75298444446903,20.23025520761476,13.2031725826748,15.635492849613367,24.825017565616154,27.25733783255472,19.686811923980713,15.55265064239502,17.017696571350097,22.33433303833008,23.69064002037048,22.027463182568326,14.710430629527055,17.243112757021407,26.81181360811525,29.344495735609605,20.0561087099746,12.257282179188996,14.956730135278752,25.155487284670443,27.8549352407602,18.867722249083027,9.523336722768306,12.75775696667954,24.977687531486513,28.212107775397747,19.747688030823053,14.511239397703715,24.504330033508115,12.094099377015251,26.152428873870917
73,Delhi_Temperature,2017-03-09,2017-02-23,20.785714285714285,24.0,19.864688603665215,17.675586984102402,28.135311396334785,30.324413015897598,20.528490590723177,13.43862306031038,15.892675389641013,25.16430579180534,27.618358121135973,18.958727836608887,14.832117962837222,16.2160982131958,21.6062162399292,23.014626789093015,20.923995706981813,13.34263856001991,15.966812719294513,25.881178694669114,28.505352853943716,20.09737385808167,12.073701640297589,14.850976590975273,25.34377112518807,28.121046075865753,18.867722249083027,9.186300663538892,12.537380932855736,25.198063565310317,28.54914383462716,19.161730031322502,13.935764312176302,23.44691554144392,11.846533074880778,25.488887152855767
74,Delhi_Temperature,2017-03-10,2017-02-23,19.9375,25.5625,21.427188603665215,19.238086984102402,29.697811396334785,31.886913015897598,21.009956429499823,13.021647271581047,15.786681824386353,26.233231034613294,28.9982655874186,19.851734399795532,15.730650806427004,17.247583961486818,22.543725776672364,23.882085227966304,21.74799396399867,13.911222498827895,16.623804530302667,26.872183397694673,29.584765429169444,20.138435918685502,11.900491788100174,14.75193377849537,25.524938058875634,28.37638004927083,18.867722249083027,8.860609430208655,12.324422881967639,25.411021616198415,28.8748350679574,20.014165420307528,14.620113385908747,24.7428391166789,12.248868073286912,27.89566596240295
75,Delhi_Temperature,2017-03-11,2017-02-23,18.53333333333333,25.066666666666663,20.931355270331878,18.742253650769065,29.201978063001448,31.39107968256426,21.29936911032426,12.8326539404569,15.763281627823897,26.835456592824624,29.76608428019162,20.114948511123657,16.102537059783934,17.430157279968263,22.81495685577393,24.205667161941527,21.756021934707494,13.67190183386538,16.470099921341507,27.04194394807348,29.84014203554961,20.179169994071117,11.736676960707902,14.658920515331317,25.699419472810916,28.62166302743433,18.867722249083027,8.545189128655673,12.11818063239149,25.617263865774564,29.190255369510382,20.349804833413376,14.648509620974554,25.28562840626188,11.786007850934498,27.733952278880874
76,Delhi_Temperature,2017-03-12,2017-02-23,17.375,24.5625,20.427188603665215,18.238086984102402,28.697811396334785,30.886913015897598,22.34619755845958,13.559324570231304,16.600770130644833,28.091624986274326,31.133070546687854,19.77524161338806,15.733150339126587,17.21921157836914,22.40541877746582,23.778816223144528,22.371436180224034,14.04731408763288,16.92858529944726,27.814287061000808,30.69555827281519,20.219446272222047,11.581372479002358,14.571313408398883,25.86757913604521,28.857520065441737,18.867722249083027,8.239125301462915,11.918056252561367,25.817388245604686,29.49631919670314,20.156945777680136,14.417983164591284,25.319430551451628,11.225696967489315,27.58226679971462
77,Delhi_Temperature,2017-03-13,2017-02-23,17.444444444444443,24.25,20.114688603665215,17.925586984102402,28.385311396334785,30.574413015897598,23.05467903525446,14.06430094734724,17.176186775051445,28.933171295457473,32.045057123161676,19.95914626121521,15.850996828079225,17.32051486968994,22.647767639160158,23.9902241230011,22.64616944256755,14.088773844613184,17.050789215151557,28.241549669983545,31.203565040521916,20.259256901579786,11.433909232847062,14.48867223239569,26.02984157076388,29.084604570312507,18.867722249083027,7.941631634064338,11.723535599017971,26.011908899148082,29.793812864101717,20.301771312215557,13.802648080152782,26.005677334117546,11.106498022794447,28.013428847078135
78,Delhi_Temperature,2017-03-14,2017-02-23,18.0,22.375,18.239688603665215,16.050586984102402,26.510311396334785,28.699413015897598,22.272571682371122,13.123276680270395,16.290169237193968,28.254974127548277,31.42186668447185,19.077219009399414,14.92555093765259,16.39161148071289,21.75759449005127,23.08969349861145,21.15873060674767,12.374253944622978,15.41487005235194,26.902591161143402,29.943207268872364,20.298644318629254,11.293717430112372,14.41063910903269,26.186649528225818,29.303571207146135,18.867722249083027,7.652026141384702,11.534172745689318,26.201271752476735,30.08341835678135,19.152414597453824,12.973583817377909,24.262378582336495,9.067297008254043,27.032615877403405
79,Delhi_Temperature,2017-03-15,2017-02-23,19.875,24.066666666666663,19.931355270331878,17.742253650769065,28.201978063001448,30.39107968256426,20.801132664997155,11.53542443900799,14.74261170412221,26.8596536258721,30.06684089098632,20.255999088287354,16.255581521987914,17.57255992889404,22.927450752258302,24.35068440437317,21.786124089560964,12.780290367193114,15.897525933180397,27.67472224594153,30.791957811928814,20.337627556354647,11.160283018176772,14.336884505352074,26.33837060735722,29.514972094532524,18.867722249083027,7.369712759050449,11.349577947030527,26.38586655113553,30.365731739115603,20.84040695885371,14.39258131238278,26.662015324366806,10.092904303899758,30.23116316939763
80,Delhi_Temperature,2017-03-16,2017-02-23,24.0,23.9375,19.802188603665215,17.613086984102402,28.072811396334785,30.261913015897598,21.44616676054671,12.078678003201365,15.321095087347281,27.57123843374614,30.813655517892055,21.654211282730103,17.565274620056154,19.031171226501463,24.29172115325928,25.739812707901,23.16906624443272,13.947187268732456,17.139203689920055,29.198928798945385,32.390945220132984,20.37620552470318,11.033132662568224,14.267098547272582,26.48531250213378,29.719278386838138,18.867722249083027,7.0941669115684025,11.169408201563087,26.566036296602967,30.641277586597653,22.119230295383016,14.60389061635605,28.988173627185997,11.807316464372715,32.94790714524364
81,Delhi_Temperature,2017-03-17,2017-02-23,20.9,26.3125,22.177188603665215,19.988086984102402,30.447811396334785,32.6369130158976,22.014291427686413,11.9566119837213,15.437928321614336,28.59065453375849,32.07197087165152,21.837722778320312,17.692063331604004,19.13919105529785,24.475119400024415,25.88622188568114,23.34845902520768,13.915481624090512,17.18056662947805,29.516351420937305,32.781436426324845,20.41437608002564,10.91184417443371,14.201004438348935,26.627747721702345,29.91690798561757,18.867722249083027,6.8249240552179895,10.993359760474744,26.742084737691307,30.910520442948062,22.18804709023389,14.752255695317208,28.9211893626461,11.898871242746099,32.510224503631605
82,Delhi_Temperature,2017-03-18,2017-02-23,24.692307692307693,26.1875,22.052188603665215,19.863086984102402,30.322811396334785,32.5119130158976,22.236001398660342,11.765205602717737,15.389516029217658,29.082486768103024,32.70679719460295,20.935608625411987,16.814553689956664,18.357733535766602,23.587589263916016,24.94403138160705,22.37890723770713,12.739453235663662,16.076007049358534,28.681807426055723,32.0183612397506,20.452143154450035,10.796041373531285,14.138357568589676,26.765928740310393,30.108244935368784,18.867722249083027,6.561570478899185,10.821162112617284,26.91428238554877,31.17387401926687,21.435723363842936,14.657639588133163,28.208471921756416,10.31653208460789,31.93992630193537
83,Delhi_Temperature,2017-03-19,2017-02-23,24.666666666666668,26.785714285714285,22.6504028893795,20.461301269816687,30.92102568204907,33.11012730161188,23.313072949959686,12.55022910787668,16.275627627325157,30.350518272594215,34.07591679204269,21.990269541740417,18.039190959930423,19.363752174377442,24.70746898651123,26.075746726989745,25.639904486593238,15.79830480640728,19.204828343821493,32.07498062936499,35.4815041667792,20.489512636401948,10.685386057533472,14.07893883757021,26.900086435233685,30.293639215270424,18.867722249083027,6.3037358417583675,10.652573105122343,27.08287139304371,31.431708656407686,21.96676372164682,14.50051135818433,29.08617992337064,10.06958216398753,33.30900094874096
84,Delhi_Temperature,2017-03-20,2017-02-23,23.33333333333333,27.133333333333333,22.998021936998548,20.808920317435735,31.268644729668118,33.45774634923093,24.065176014614877,13.097330121219466,16.8936870555301,31.236664973699654,35.03302190801029,22.441322207450867,18.300321006774904,19.771460723876952,25.058423614501955,26.584684419631948,25.343581415518486,15.303905371314618,18.77899009981151,31.908172731225463,35.383257459722344,20.52648940948245,10.579570450330397,14.02254869169521,27.030430127269693,30.473408368634505,18.867722249083027,6.051087062885415,10.487374948089093,27.248069550076963,31.68435743528064,23.13677172660501,15.243889677949998,30.450139136942724,10.721944460084112,35.5401415972427
85,Delhi_Temperature,2017-03-21,2017-02-23,25.0,26.625,22.489688603665215,20.300586984102402,30.760311396334785,32.9494130158976,23.174046454736832,12.04000648320154,15.893889028933065,30.454203880540597,34.308086426272126,23.222062673419714,19.227152347564697,20.622278213500977,25.89887351989746,27.196133852005005,25.318943817630277,15.085024437447258,18.62734361130886,32.010544023951695,35.5528631978133,20.563077330426434,10.478313617897474,13.969004773031058,27.15714988782181,30.647841042955395,18.867722249083027,5.803323275202958,10.325370915109769,27.410073583056285,31.932121222963097,23.856139186430024,14.593133009067984,31.50172689363342,10.659342560713332,36.978242516536454
86,Delhi_Temperature,2017-03-22,2017-02-23,27.25,25.0625,20.927188603665215,18.738086984102402,29.197811396334785,31.386913015897598,21.52229491627139,10.25594159073446,14.155622438507091,28.888967394035692,32.788648241808325,22.211765229701996,18.137658452987672,19.583404731750488,24.94532337188721,26.36789608001709,24.786096096722606,14.36155214086486,17.969853179966613,31.6023390134786,35.21064005258035,20.599280210368562,10.381358706079139,13.918140452840358,27.280419967896766,30.817201714657983,18.867722249083027,5.560171625419839,10.166382597006855,27.5690619011592,32.17527287274621,22.547604169462627,13.98621689024509,30.256387353123326,9.854973660000981,35.52346588765158
87,Delhi_Temperature,2017-03-23,2017-02-23,28.0,26.2,22.064688603665218,19.875586984102398,30.33531139633478,32.5244130158976,22.001717788604296,10.617327731866713,14.55786524076975,29.44557033643884,33.38610784534188,22.69523975253105,18.498553228378295,20.040096473693847,25.314774322509766,26.7562264919281,25.03421849356141,14.422473703229574,18.095571530412787,31.972865456710036,35.645963283893245,20.635102080838674,10.288470338299406,13.869803222106672,27.400400939570677,30.981733823377944,18.867722249083027,5.321383752869433,10.010247599469208,27.725196898696844,32.414060745296624,23.080392170313758,13.673272896341304,30.618865357217338,9.51125965101265,35.83189058292766
88,Delhi_Temperature,2017-03-24,2017-02-23,28.916666666666668,28.133333333333333,23.998021936998548,21.808920317435735,32.26864472966812,34.45774634923093,22.52833950122853,10.415232810597605,14.60800475761345,30.44867424484361,34.64144619185946,23.88964694738388,19.873805761337284,21.222451591491698,26.557502365112306,27.94896178245544,25.446178150509887,14.650478159186518,18.38724934663341,32.50510695438636,36.24187814183326,20.670547029688066,10.199432007803503,13.823852929621298,27.517241129754836,31.14166205157263,18.867722249083027,5.086732817745441,9.856817599919891,27.87862689824616,32.64871168042061,24.650649618810036,15.109814409327466,32.9993615775624,9.77624259065001,37.79032507225368
89,Delhi_Temperature,2017-03-25,2017-02-23,26.5,29.875,25.739688603665215,23.550586984102402,34.010311396334785,36.1994130158976,22.782484819536844,10.220629987116872,14.568729437491035,30.99624020158265,35.344339651956815,25.25635600090027,21.195626640319823,22.526205825805665,27.89385051727295,29.27228569984436,26.47780912445414,15.501236384742349,19.3006139872726,33.65500426163568,37.45438186416593,20.705619052697145,10.114043909915376,13.780160313208835,27.631077792185454,31.297194195478916,18.867722249083027,4.8560109774617715,9.705956697396596,28.02948780076946,32.87943352070428,25.922392028529824,16.07992693534927,34.79079662550656,10.095203143709709,40.821078654198864
