,unique_id,ds,SeasonalNaive,SeasonalNaive-lo-80,SeasonalNaive-lo-95,SeasonalNaive-hi-80,SeasonalNaive-hi-95,ARIMA,ARIMA-lo-95,ARIMA-lo-80,ARIMA-hi-80,ARIMA-hi-95,CES,CES-lo-95,CES-lo-80,CES-hi-80,CES-hi-95,MSTL,MSTL-lo-95,MSTL-lo-80,MSTL-hi-80,MSTL-hi-95,AutoARIMA,AutoARIMA-lo-95,AutoARIMA-lo-80,AutoARIMA-hi-80,AutoARIMA-hi-95,AutoETS,AutoETS-lo-95,AutoETS-lo-80,AutoETS-hi-80,AutoETS-hi-95,AutoTheta,AutoTheta-lo-80,AutoTheta-hi-80,AutoTheta-lo-95,AutoTheta-hi-95
0,Delhi_Temperature,2017-03-26,24.666666666666668,20.504204617300047,18.30073031021076,28.82912871603329,31.032603023122576,25.349499689345908,21.58538925566306,22.88828016836525,27.810719210326567,29.113610123028757,24.87075847387314,20.60453152656555,22.066214942932127,27.565013885498047,29.008843612670898,24.79201192613906,22.27199413600517,23.144260860496797,26.439762991781325,27.312029716272953,26.571829580899983,23.392111845981855,24.492723906858462,28.650935254941505,29.75154731581811,26.95049511133959,23.72038644399432,24.838440577599297,29.06254964507988,30.180603778684855,24.713458449826682,22.862727877889238,26.960268808098395,22.25044631010179,27.64685809332361
1,Delhi_Temperature,2017-03-27,26.25,22.087537950633383,19.884063643544092,30.412462049366617,32.615936356455904,23.8772450441284,19.267725502311407,20.8632422196784,26.8912478685784,28.486764585945394,25.700276345014572,21.424561882019045,22.968903160095216,28.376588439941408,29.804832887649535,25.567467582555103,22.348499296991157,23.46269735292715,27.672237812183056,28.786435868119042,26.731015638467788,22.636873731630107,24.054000136317697,29.40803114061788,30.82515754530547,26.95049511133959,22.828943851461304,24.255557596552112,29.645432626127064,31.072046371217873,25.394784522784512,22.749486958982672,28.034609339149515,21.25320514239458,29.230057813610454
2,Delhi_Temperature,2017-03-28,25.933333333333334,21.770871283966713,19.567396976877426,30.095795382699954,32.29926968978924,24.778642441234176,19.709472651488618,21.464090474308964,28.093194408159388,29.847812230979734,25.2601150944829,21.075614500045777,22.456983375549317,27.93035144805908,29.31239047050476,25.927347012019577,22.136169888177747,23.448429533616757,28.406264490422398,29.718524135861408,27.077991608184718,22.397586684127962,24.017639323591496,30.13834389277794,31.758396532241473,26.95049511133959,22.098612221908976,23.778019411870027,30.12297081080915,31.8023780007702,25.112064007540077,21.631336104130913,28.216145926079346,20.104259607436237,29.609329324242008
3,Delhi_Temperature,2017-03-29,27.125,22.962537950633383,20.759063643544092,31.287462049366617,33.490936356455904,26.401726233824895,21.10507904762934,22.93843479217157,29.86501767547822,31.698373420020452,24.893052339553833,20.6009729385376,22.046263694763184,27.50792350769043,28.85717573165893,26.168220433437234,21.880529779341863,23.36465020782599,28.97179065904848,30.455911087532606,27.013085081224762,21.96965389064711,23.715362679699087,30.310807482750437,32.056516271802415,26.95049511133959,21.46466332776339,23.36350251044941,30.537487712229765,32.43632689491579,24.400894752127563,20.993421881942293,26.9797493440826,19.62364805652048,29.47298215378073
4,Delhi_Temperature,2017-03-30,29.571428571428573,25.408966522061952,23.205492214972665,33.733890620795194,35.93736492788448,28.699272372744502,23.248006803761847,25.134881404729583,32.26366334075942,34.15053794172716,25.937889635562897,21.74321098327637,23.238502502441406,28.56150436401368,30.165543508529655,27.701468722050254,22.969074158397312,24.607122239327808,30.7958152047727,32.4338632857032,27.13234069145096,21.69032544204271,23.57399818229849,30.69068320060343,32.574355940859206,26.95049511133959,20.89674147061055,22.99215836796405,30.908831854715128,33.00424875206863,25.747312680719048,21.973482895255742,29.44007091687313,19.71097876572242,31.453439148863165
5,Delhi_Temperature,2017-03-31,30.0,25.837537950633383,23.634063643544092,34.16246204936662,36.365936356455904,27.432337161358415,21.892712073184313,23.810171009185133,31.054503313531697,32.97196224953252,26.766403198242188,22.653385305404665,23.998116493225098,29.37669448852539,30.73465485572815,27.404661632482753,22.26590444158853,24.04460890963157,30.764714355333936,32.54341882337698,27.000257363102087,21.1754683158684,23.19163252033431,30.808882205869864,32.82504641033577,26.95049511133959,20.377709101770634,22.6527813436402,31.248208879038977,33.52328112090854,26.519490213169174,22.170165062026047,31.012017790226306,20.13544586650834,32.75226547482509
6,Delhi_Temperature,2017-04-01,30.571428571428573,26.408966522061952,24.205492214972665,34.733890620795194,36.93736492788448,27.991118447275145,22.381765501750948,24.323359699802182,31.658877194748108,33.60047139279934,28.0037944316864,23.75130181312561,25.329541397094726,30.71657695770264,32.134659385681154,28.062643560263208,22.54738358199906,24.456408897135677,31.668878223390738,33.57790353852736,27.105787585048105,20.921441580009358,23.062061084386514,31.149514085709697,33.29013359008685,26.95049511133959,19.89676569261855,22.33830935140007,31.562680871279106,34.004224530060625,28.08181867509196,22.90045673517434,32.87639979435005,20.024512368213,34.34729992619796
7,Delhi_Temperature,2017-04-02,32.3125,28.150037950633383,25.946563643544092,36.47496204936662,38.678436356455904,27.23484303850137,21.021839704228736,23.17237851743037,31.29730755957237,33.44784637277401,26.940797924995422,22.740223598480227,24.16705913543701,29.575006103515626,31.072617864608763,27.614598927431732,21.746945240589145,23.777946403323583,31.451251451539882,33.48225261427432,27.12975606397548,20.64570597497859,22.890063596068423,31.36944853188254,33.61380615297237,26.95049511133959,19.446584031277677,22.043951384916188,31.85703883776299,34.4544061914015,26.63793616014867,21.252875720970508,32.31288742994504,18.966949778996817,33.94839182892448
8,Delhi_Temperature,2017-04-03,33.3125,29.150037950633383,26.946563643544092,37.47496204936662,39.678436356455904,25.84316444652323,19.29760653441341,21.56325417480683,30.12307471823963,32.388722358633046,26.244155406951904,22.04452700614929,23.53378963470459,28.893134117126465,30.35868272781372,26.67852192568042,20.478471365435563,22.624526768314254,30.732517083046588,32.878572485925275,27.03621616871683,20.26938632931805,22.611623960462303,31.460808376971357,33.80304600811561,26.95049511133959,19.021922460324703,21.766280108620194,32.13471011405898,34.879067762354474,26.068750954860395,20.467810796080165,31.264566867720323,18.403619185618393,33.608157777250455
9,Delhi_Temperature,2017-04-04,32.8125,28.650037950633383,26.446563643544092,36.97496204936662,39.178436356455904,27.02454811785391,20.26626468149309,22.605544102178158,31.443552133529664,33.78283155421473,27.289894580841064,23.04040017127991,24.487431144714357,30.03138084411621,31.303877592086792,28.684509911376473,22.168998104122362,24.424245731639353,32.944774091113594,35.20002171863058,26.941145380959615,19.906376216712246,22.3413570650525,31.54093369686673,33.97591454520698,26.95049511133959,18.61887779731427,21.50274336869044,32.39824685398874,35.28211242536491,27.26550685382282,21.16892369271657,32.38119884908853,19.042603387422076,35.20322982854236
10,Delhi_Temperature,2017-04-05,32.3125,28.150037950633383,25.946563643544092,36.47496204936662,38.678436356455904,28.96906161172376,22.072514852163696,24.459652068343896,33.47847115510362,35.86560837128383,28.25271987915039,24.097346162796022,25.54029026031494,30.883917808532715,32.31218070983886,29.879714793701126,23.063325627042367,25.422717483139444,34.33671210426281,36.696103960359885,26.863614781961665,19.57248412061196,22.096200693056506,31.631028870866825,34.15474544331137,26.95049511133959,18.234450718823467,21.251380012953454,32.64961020972572,35.66653950385571,28.499420422188958,21.53137608015099,34.03115998562617,19.231002303184738,35.94731531362432
11,Delhi_Temperature,2017-04-06,31.375,27.212537950633383,25.009063643544092,35.53746204936662,37.740936356455904,30.46805962266137,23.46893643747427,25.891578959665424,35.04454028565732,37.467182807848474,27.05911636352539,22.69500846862793,24.275894546508788,29.70366516113281,31.231176662445066,29.88120041811981,22.776664653397532,25.23579417414534,34.52660666209428,36.98573618284209,26.66548822202807,19.133061214016575,21.740298932525448,31.590677511530693,34.19791523003956,26.95049511133959,17.866277333387707,21.010644375860725,32.89034584681845,36.03471288929147,26.830954729869013,20.07064154392575,32.718017244812195,17.780206663279625,34.918346004560505
12,Delhi_Temperature,2017-04-07,29.933333333333334,25.770871283966713,23.567396976877426,34.095795382699954,36.29926968978924,30.27021436982791,23.194662983374712,25.643759992132658,34.896668747523165,37.34576575628111,26.518466472625732,22.381651973724367,23.831837463378907,29.19794673919678,30.65261116027832,28.20383067085698,20.822388021002332,23.3773647467299,33.030296594984065,35.58527332071163,26.710534003811368,18.949697719496907,21.635995916096174,31.785072091526562,34.471370288125826,26.95049511133959,17.512455303084792,20.779292585503576,33.1216976371756,36.388534919594385,26.502179403456044,19.67158767151822,32.71353653287012,16.531663878890352,34.852799565617744
13,Delhi_Temperature,2017-04-08,29.266666666666666,25.10420461730005,22.900730310210758,33.42912871603328,35.63260302312257,29.363684724794158,22.22430772635294,24.695497022604027,34.03187242698429,36.503061723235376,26.50011658668518,22.31424584388733,23.757800674438474,29.10700626373291,30.597598266601562,27.89625070682105,20.247919989993466,22.89527605561927,32.89722535802283,35.54458142364864,26.583357670730102,18.605572163041156,21.366964110642797,31.799751230817407,34.561143178419044,26.95049511133959,17.171426740214066,20.55630599386732,33.34468422881186,36.72956348246511,26.416549447972397,19.402556809999755,32.15567615448037,16.578200293539638,34.92100417226188
14,Delhi_Temperature,2017-04-09,30.73333333333333,26.57087128396671,24.367396976877423,34.89579538269995,37.09926968978924,28.433692903052492,20.39418504282599,23.176941265904823,33.69044454020016,36.473200763278996,27.369394540786743,23.11631546020508,24.56750144958496,30.080728912353518,31.463114643096922,29.063305613304482,21.157090974500175,23.893709728985705,34.23290149762326,36.969520252108794,26.515253235103398,18.316026827911514,21.154067253485863,31.876439216720932,34.71447964229528,26.95049511133959,16.841896742025828,20.34083790955395,33.56015231312523,37.059093480653345,27.459303739693354,20.252934643371145,33.76845939423986,17.119832507400933,37.941319567897594
15,Delhi_Temperature,2017-04-10,32.25,28.087537950633383,25.884063643544092,36.41246204936662,38.615936356455904,26.980859456177097,18.457955359831896,21.4080320094417,32.55368690291249,35.5037635525223,28.60686993598938,24.459838676452637,25.865283393859862,31.3376745223999,32.689274024963375,30.03800494043351,21.88205637048049,24.705116815564537,35.37089306530248,38.19395351038653,26.552768860462237,18.144906521795992,21.055163175871144,32.05037454505333,34.960631199128485,26.95049511133959,16.522775141133344,20.132175510423775,33.7688147122554,37.37821508154583,28.8972727073836,21.04337228988832,35.66334810926243,17.05200120640395,39.11934068292529
16,Delhi_Temperature,2017-04-11,29.8,25.63753795063338,23.434063643544093,33.96246204936662,36.16593635645591,28.039941612216207,19.192681870014624,22.255029408301958,33.82485381613046,36.88720135441779,26.959046602249146,22.72935357093811,24.226253700256347,29.65220832824707,31.220508098602288,29.25581275805238,20.8575531623627,23.7644859696003,34.74713954650446,37.65407235374206,26.587749422655612,17.981790164893038,20.960615124885926,32.2148837204253,35.19370868041818,26.95049511133959,16.21313386371532,19.92971196162269,33.97127826105649,37.687856358963856,27.16187548113696,19.65153022053101,33.93667965678401,15.441294252003935,36.90001367636791
17,Delhi_Temperature,2017-04-12,30.2,26.03753795063338,23.83406364354409,34.36246204936662,36.56593635645591,29.815064483957812,20.7605792271632,23.89465479909888,35.735474168816744,38.869549740752426,26.69744896888733,22.445432472229005,23.939088439941404,29.394956779479983,30.883091926574703,29.34290097128363,20.70912825030765,23.69758042743722,34.988221515130036,37.9766736922596,26.610883787965765,17.816900707949394,20.86080732101863,32.360960254912904,35.404866867982136,26.95049511133959,15.912175069461446,19.732925583412285,34.16806463926689,37.98881515321773,26.65795718483788,18.38465515250863,33.92750737565567,14.895420087140364,36.48803200541028
18,Delhi_Temperature,2017-04-13,31.75,27.587537950633383,25.384063643544092,35.91246204936662,38.115936356455904,31.70730427321343,22.49114195149385,25.68117963782398,37.73342890860288,40.92346659493301,27.577393770217896,23.360602951049806,24.725482177734374,30.202554512023926,31.60240249633789,30.53519734892437,21.672167474307898,24.73997360967347,36.33042108817527,39.39822722354084,26.74706831866694,17.772132924541623,20.87867349318647,32.61546314414741,35.72200371279226,26.95049511133959,15.619206917498873,19.54136400536092,34.35962621731826,38.281783305180305,27.890278079586853,19.130165590370783,35.132499576887504,13.643369104150908,39.04566934786431
19,Delhi_Temperature,2017-04-14,33.125,28.962537950633383,26.759063643544092,37.28746204936662,39.490936356455904,30.985412736844204,21.650564994426286,24.881683876120498,37.08914159756791,40.32026047926212,28.728187084197998,24.58936824798584,26.021370887756348,31.341971969604494,32.85979013442993,30.359022972419016,21.272518379385495,24.417676968929566,36.30036897590846,39.44552756545253,26.657936053334176,17.509144912742613,20.67586306548939,32.640009041178956,35.80672719392574,26.95049511133959,15.333624839324875,19.35463192137252,34.54635830130666,38.5673653833543,29.234789321045362,20.39628300070906,37.19298931918632,14.591752374139572,42.01549112924002
20,Delhi_Temperature,2017-04-15,33.625,29.462537950633383,27.259063643544092,37.78746204936662,39.990936356455904,30.790278085950575,21.351957568722227,24.618892014382418,36.96166415751873,40.228598603178924,28.05742645263672,23.843894672393798,25.353127479553223,30.61924114227295,32.1146614074707,29.64071942351254,20.33610589687456,23.556759653890214,35.72467919313486,38.945332950150515,26.728669066587525,17.412765417443403,20.637327082655617,32.82001105051943,36.04457271573165,26.95049511133959,15.054896862333171,19.1723814932563,34.72860872942288,38.846093360346,27.971662193998966,18.72159666544841,36.395159528141875,15.244904325296616,41.28841777035056
21,Delhi_Temperature,2017-04-16,35.6875,31.525037950633383,29.321563643544092,39.84996204936662,42.053436356455904,29.937060640784185,19.808922341273618,23.31462696538379,36.55949431618458,40.06519894029475,28.88741111755371,24.68480215072632,26.151120567321776,31.478755950927734,32.99612026214599,30.395873738428893,20.87814816763365,24.17256749306495,36.61917998379283,39.91359930922414,26.745051156806248,17.279209499807074,20.555669979186618,32.93443233442588,36.21089281380542,26.95049511133959,14.782551961952763,18.99430473459968,34.906685488079496,39.118438260726414,29.32101624595872,19.764423188527157,37.99306293596289,16.078064685322605,42.63671667753334
22,Delhi_Temperature,2017-04-17,34.666666666666664,30.504204617300047,28.300730310210756,38.82912871603328,41.03260302312257,28.518524797139126,17.974352149930652,21.62406088352101,35.41298871075724,39.0626974443476,28.708303451538086,24.40771403312683,25.860553359985353,31.388461875915528,32.79270620346069,30.196905664651666,20.47073647005893,23.837305459545313,36.55650586975802,39.9230748592444,26.66384638786931,17.051713876652553,20.3788107621444,32.94888201359422,36.27597889908607,26.95049511133959,14.516170711853501,18.82012739726634,35.08086282541284,39.38481951082568,28.95443957909269,20.052847642077253,37.901900706481214,14.386001539127335,42.76815356752353
23,Delhi_Temperature,2017-04-18,34.625,30.462537950633383,28.259063643544092,38.78746204936662,40.990936356455904,29.631787568968246,18.792718161809233,22.544501028317356,36.719074109619136,40.47085697612726,29.454150199890137,25.223295831680296,26.68387680053711,32.08118858337403,33.62274198532104,31.533332753816694,21.603094369834167,25.040298877885377,38.026366629748004,41.46357113779922,26.585580683051845,16.831493809867073,20.20772608909539,32.9634352770083,36.33966755623662,26.95049511133959,14.255377701224772,18.649604013321216,35.25138620935796,39.6456125214544,30.062012050533383,20.150208207224363,39.55505381030177,14.198348459603933,45.166175214820555
24,Delhi_Temperature,2017-04-19,34.0,29.837537950633383,27.634063643544092,38.16246204936662,40.365936356455904,31.49186193955246,20.44496978267643,24.268687406899446,38.715036472205476,42.53875409642849,30.168389797210693,25.966735029220583,27.430318450927736,32.77588424682617,34.25829524993896,32.53730818169887,22.407110675055918,25.913528063126506,39.16108830027123,42.66750568834182,26.51878415030658,16.626587887232112,20.050624680227067,32.98694362038609,36.41098041338105,26.95049511133959,13.99983532731524,18.482513836190435,35.41847638648874,39.90115489536394,30.57015687628684,20.41645247764902,39.9780091886126,14.601268294100327,46.556163463879855
25,Delhi_Temperature,2017-04-20,34.0625,29.900037950633383,27.696563643544092,38.22496204936662,40.428436356455904,33.19181279996552,21.976520950168403,25.858527626605557,40.52509797332548,44.40710464976263,29.901151180267334,25.722591209411622,27.099634933471677,32.49221076965332,34.00976982116699,32.57415779202546,22.247872463579892,25.8221627383841,39.32615284566682,42.90044312047103,26.347409762660384,16.322442388361672,19.792435929260588,32.902383596060176,36.372377136959095,26.95049511133959,13.749238670133288,18.318657489408054,35.58233273327112,40.15175155254589,30.5452521485999,19.00785875434874,40.067906275817506,14.12381120276346,46.93493507077047
26,Delhi_Temperature,2017-04-21,34.0,29.837537950633383,27.634063643544092,38.16246204936662,40.365936356455904,32.72440304169697,21.374865530631205,25.30333934856651,40.14546673482742,44.07394055276273,29.98025369644165,25.826322507858276,27.24973335266113,32.68395805358887,33.991893196105956,31.382254465577507,20.863536109934294,24.5044342186097,38.26007471254532,41.90097282122072,26.385873942925073,16.23280054572766,19.74713608350413,33.024611802346016,36.53894734012249,26.95049511133959,13.503311227290252,18.157854177779942,35.74313604489923,40.39767899538892,30.648695942575127,19.370698971847414,40.846940097886666,13.818571506949011,47.81792776419021
27,Delhi_Temperature,2017-04-22,33.25,29.087537950633383,26.884063643544092,37.41246204936662,39.615936356455904,32.18497135920039,20.715907597420458,24.68575365153973,39.68418906686105,43.654035120980325,29.751707553863525,25.669144821166995,27.079693222045897,32.33675765991211,33.79125318527221,30.711643240576414,20.003949604399644,23.710258699301512,37.713027781851316,41.419336876753185,26.276270508919602,15.999429683266246,19.556605477901492,32.99593553993771,36.55311133457296,26.95049511133959,13.26180133887242,17.99993934973324,35.90105087294594,40.63918888380675,30.330042814237295,18.33950152250599,39.97969876445225,13.007012579410679,46.64307802585958
28,Delhi_Temperature,2017-04-23,31.916666666666668,27.754204617300047,25.55073031021076,36.07912871603329,38.282603023122576,31.296592810871076,19.09784802739957,23.32026232814253,39.272923293599625,43.49533759434258,29.58515453338623,25.418427085876466,26.837550354003906,32.24647560119629,33.638747215270996,31.106778574961208,20.213387451573794,23.983972973233328,38.229584176689094,42.00016969834862,26.217641230142565,15.812549080109976,19.414117165571884,33.02116529471325,36.622733380175156,26.95049511133959,13.024479170614592,17.844762724719573,36.056227497959604,40.876511052064586,30.11692217029481,18.76622077089113,40.04705148275098,12.432076757585365,45.757798809125916
29,Delhi_Temperature,2017-04-24,31.3125,27.150037950633383,24.946563643544092,35.47496204936662,37.678436356455904,29.860029502211912,17.208848935082905,21.58786716163893,38.13219184278489,42.51121006934092,29.58562707901001,25.275459480285644,26.862105560302734,32.22369499206543,33.68494024276733,31.150850711795737,20.074875028905726,23.908659483637717,38.39304193995376,42.226826394685745,26.250154614692008,15.722526697800621,19.36650871875515,33.133800510628866,36.7777825315834,26.95049511133959,12.791134152374244,17.692186618323348,36.20880360435583,41.10985607030493,30.134663990450584,19.01948200456121,40.11705403648569,12.289022546426214,46.989178395149324
